{"supply": {"Supply_0": 43.133333333333326, "Supply_1": 280.1333333333333, "Supply_2": 798.1333333333333, "Supply_3": 765.1333333333333, "Supply_4": 687.1333333333333, "Supply_5": 356.1333333333333, "Supply_6": 69.13333333333333, "Supply_7": 239.13333333333333, "Supply_8": 640.1333333333333, "Supply_9": 70.13333333333333, "Supply_10": 574.1333333333333, "Supply_11": 318.1333333333333, "Supply_12": 401.1333333333333, "Supply_13": 838.1333333333333, "Supply_14": 522.1333333333333}, "demand": {"Demand_0": 418, "Demand_1": 305, "Demand_2": 498, "Demand_3": 70, "Demand_4": 129, "Demand_5": 200, "Demand_6": 129, "Demand_7": 245, "Demand_8": 174, "Demand_9": 421, "Demand_10": 450, "Demand_11": 93, "Demand_12": 359, "Demand_13": 82, "Demand_14": 333, "Demand_15": 226, "Demand_16": 232, "Demand_17": 378, "Demand_18": 54, "Demand_19": 176, "Demand_20": 435, "Demand_21": 77, "Demand_22": 195, "Demand_23": 469, "Demand_24": 454}, "distance": {"Supply_0": {"Demand_0": 879.4657469168427, "Demand_1": 455.98793843697223, "Demand_2": 622.5881463696526, "Demand_3": 772.2305355267946, "Demand_4": 204.47493733951845, "Demand_5": 1014.5540892431512, "Demand_6": 674.353764725904, "Demand_7": 827.5898742734834, "Demand_8": 187.7471704180918, "Demand_9": 508.66491917567896, "Demand_10": 640.1062411818838, "Demand_11": 48.75448697299562, "Demand_12": 927.532748747989, "Demand_13": 346.0231206147936, "Demand_14": 357.865896670806, "Demand_15": 554.3581874564495, "Demand_16": 480.9293087346622, "Demand_17": 576.2221793718114, "Demand_18": 13.038404810405298, "Demand_19": 843.2182398406713, "Demand_20": 625.4918065010924, "Demand_21": 606.9011451628676, "Demand_22": 327.2308053958246, "Demand_23": 69.35416353759881, "Demand_24": 404.2227108909147}, "Supply_1": {"Demand_0": 1034.8511970326942, "Demand_1": 684.8123830656102, "Demand_2": 896.0273433327802, "Demand_3": 771.453822338058, "Demand_4": 171.64206943520577, "Demand_5": 1085.8089150490523, "Demand_6": 781.3897874940521, "Demand_7": 917.7559588474487, "Demand_8": 193.00259065618783, "Demand_9": 823.8840937898972, "Demand_10": 910.0269226786645, "Demand_11": 329.84845004941286, "Demand_12": 979.4090054721776, "Demand_13": 673.6445650341135, "Demand_14": 157.76247969653622, "Demand_15": 827.1360226709994, "Demand_16": 457.48224009244336, "Demand_17": 892.53403296457, "Demand_18": 341.79672321425204, "Demand_19": 797.0006273523252, "Demand_20": 568.4901054547915, "Demand_21": 915.6123633940293, "Demand_22": 475.5849030404561, "Demand_23": 392.4754769409167, "Demand_24": 689.2641003272984}, "Supply_2": {"Demand_0": 696.4553108419807, "Demand_1": 597.5257316634992, "Demand_2": 803.5633142447457, "Demand_3": 288.68321738542403, "Demand_4": 526.4598750142312, "Demand_5": 625.6980102253802, "Demand_6": 448.36257649362307, "Demand_7": 513.0038986206634, "Demand_8": 659.8128522543343, "Demand_9": 847.48215320442, "Demand_10": 806.2071694049861, "Demand_11": 696.0352002592972, "Demand_12": 513.0077972116993, "Demand_13": 779.5703945122596, "Demand_14": 403.92326003833944, "Demand_15": 755.7148933294884, "Demand_16": 216.5848563496534, "Demand_17": 900.0277773491216, "Demand_18": 664.6773653435176, "Demand_19": 262.4061737078608, "Demand_20": 115.83609109426992, "Demand_21": 897.3811899076111, "Demand_22": 442.3324541563732, "Demand_23": 649.4366789764804, "Demand_24": 697.820893926228}, "Supply_3": {"Demand_0": 241.05186163977245, "Demand_1": 577.481601438522, "Demand_2": 625.0839943559586, "Demand_3": 307.314171492302, "Demand_4": 935.0358281905566, "Demand_5": 44.294469180700204, "Demand_6": 296.86528931486754, "Demand_7": 143.65583872575453, "Demand_8": 1061.7631562641454, "Demand_9": 777.8804535402596, "Demand_10": 612.4589782181334, "Demand_11": 1012.8657364132721, "Demand_12": 86.05230967266364, "Demand_13": 831.17386869415, "Demand_14": 891.1621625719979, "Demand_15": 631.2566831329392, "Demand_16": 589.6515920439798, "Demand_17": 787.6103097344524, "Demand_18": 965.3848973337008, "Demand_19": 366.6019639881925, "Demand_20": 512.0566374923774, "Demand_21": 757.3803535872844, "Demand_22": 644.2685775357976, "Demand_23": 909.481170778153, "Demand_24": 701.2631460443362}, "Supply_4": {"Demand_0": 222.62299971027252, "Demand_1": 639.3027451841576, "Demand_2": 634.6124801798338, "Demand_3": 454.23452092503936, "Demand_4": 1050.2975768800002, "Demand_5": 132.69890730522238, "Demand_6": 397.09192890311937, "Demand_7": 253.81883302859936, "Demand_8": 1171.8643266180604, "Demand_9": 802.8430730846471, "Demand_10": 618.7285349812145, "Demand_11": 1109.1564362162806, "Demand_12": 235.00212764994276, "Demand_13": 882.5106231655232, "Demand_14": 1019.8141987636767, "Demand_15": 656.592720032746, "Demand_16": 720.5012144333971, "Demand_17": 799.7530868961995, "Demand_18": 1060.6681856264004, "Demand_19": 515.2805061323395, "Demand_20": 654.6823657316577, "Demand_21": 764.2002355403981, "Demand_22": 744.5864624071539, "Demand_23": 999.8824930960637, "Demand_24": 752.8831250599259}, "Supply_5": {"Demand_0": 216.44860821913363, "Demand_1": 550.6768562414803, "Demand_2": 597.18171438851, "Demand_3": 302.0761493398643, "Demand_4": 915.9148432032314, "Demand_5": 70.21395872616783, "Demand_6": 273.19040978775223, "Demand_7": 119.85407794480753, "Demand_8": 1041.608851728901, "Demand_9": 749.9133283253473, "Demand_10": 584.6246659182283, "Demand_11": 990.2206824743664, "Demand_12": 91.4166286842826, "Demand_13": 804.0161689916441, "Demand_14": 875.7271264497863, "Demand_15": 603.2685968952801, "Demand_16": 574.6938315311902, "Demand_17": 759.632806031967, "Demand_18": 942.5497334358543, "Demand_19": 369.2654871498283, "Demand_20": 502.8419234709851, "Demand_21": 729.4717266625212, "Demand_22": 621.8440318922422, "Demand_23": 885.9006716331126, "Demand_24": 674.022254825462}, "Supply_6": {"Demand_0": 311.4385974795032, "Demand_1": 277.96582523756405, "Demand_2": 424.30413620420904, "Demand_3": 231.2098613813866, "Demand_4": 604.8338614859456, "Demand_5": 384.15882132263994, "Demand_6": 49.64876634922564, "Demand_7": 198.07321878537743, "Demand_8": 726.7771322764634, "Demand_9": 523.7193905136605, "Demand_10": 421.5234275814335, "Demand_11": 672.7295147382788, "Demand_12": 301.7631521574495, "Demand_13": 529.0085065478626, "Demand_14": 585.1580982948112, "Demand_15": 395.33909495520425, "Demand_16": 299.7081914129142, "Demand_17": 557.3239632386176, "Demand_18": 625.2455517634652, "Demand_19": 343.9491241448363, "Demand_20": 299.16216338300535, "Demand_21": 541.3547820052945, "Demand_22": 304.20059171540083, "Demand_23": 570.0947289705457, "Demand_24": 406.6866115327624}, "Supply_7": {"Demand_0": 606.3827174318212, "Demand_1": 200.09247861926244, "Demand_2": 408.48990195597247, "Demand_3": 535.1523147665532, "Demand_4": 321.8850726579286, "Demand_5": 745.0154360816962, "Demand_6": 403.89231238041657, "Demand_7": 557.2010409179078, "Demand_8": 409.0880100907383, "Demand_9": 364.24716882907956, "Demand_10": 422.0426518730068, "Demand_11": 320.41379495895615, "Demand_12": 663.8350698780533, "Demand_13": 258.0310058888272, "Demand_14": 393.45139471096047, "Demand_15": 340.1543767173958, "Demand_16": 309.0453041222274, "Demand_17": 429.4182110716778, "Demand_18": 271.56214758320056, "Demand_19": 624.0649004710968, "Demand_20": 439.2812311037202, "Demand_21": 443.83893474998337, "Demand_22": 84.8999411071645, "Demand_23": 209.80467106334882, "Demand_24": 213.55093069335942}, "Supply_8": {"Demand_0": 730.4313793916579, "Demand_1": 639.9507793572877, "Demand_2": 845.6914330889251, "Demand_3": 314.1623783969048, "Demand_4": 551.7245689653489, "Demand_5": 647.6557727682198, "Demand_6": 486.0545236905012, "Demand_7": 543.721436031356, "Demand_8": 683.2664194880355, "Demand_9": 889.7561463682058, "Demand_10": 848.2039848998588, "Demand_11": 726.3642337009718, "Demand_12": 535.6089991775717, "Demand_13": 820.5181289892381, "Demand_14": 421.9407541349852, "Demand_15": 798.075810935277, "Demand_16": 256.76643082770767, "Demand_17": 942.427716061025,